<?xml version="1.0" encoding="UTF-8"?><idempiere Name="AD_Package_Exp" Version="1.0.0" idempiereVersion="3.0.0.qualifier" DataBaseVersion="2014-10-31" Description="" Author="SuperUser" AuthorEmail="superuser @ idempiere.com" CreatedDate="Thu Oct 01 17:15:38 CEST 2015" UpdatedDate="Thu Oct 01 17:15:38 CEST 2015" PackOutVersion="100" UpdateDictionary="true" Client="0-SYSTEM-System" AD_Client_UU="11237b53-9592-4af1-b3c5-afd216514b5d">
    <AD_Package_Exp type="table">
        <AD_Client_ID>0</AD_Client_ID>
        <AD_Org_ID>0</AD_Org_ID>
        <AD_Package_Type>X</AD_Package_Type>
        <EMail/>
        <Instructions/>
        <Name>AvaiblePlugin CreateLineFrom</Name>
        <Processed>N</Processed>
        <ReleaseNo/>
        <Version/>
        <UserName/>
        <Processing>N</Processing>
        <PK_Version>2015.10.01</PK_Version>
        <IsActive>Y</IsActive>
        <File_Directory/>
        <Description>creazione campo CreateLineFrom (nella tabella c_order) + visualizzazione campo nella window</Description>
        <AD_Package_Exp_UU>18a29c54-cafa-4706-ac81-7bfa6f33e5f9</AD_Package_Exp_UU>
        <DateFrom/>
        <IsExportDictionaryEntity>N</IsExportDictionaryEntity>
        <AD_Package_Exp_Detail type="table">
            <AD_Client_ID>0</AD_Client_ID>
            <AD_Org_ID>0</AD_Org_ID>
            <AD_Form_ID reference="id"/>
            <AD_ImpFormat_ID reference="id"/>
            <AD_Menu_ID reference="id"/>
            <AD_Process_ID reference="id"/>
            <AD_Role_ID reference="id">0</AD_Role_ID>
            <AD_Window_ID reference="id">181</AD_Window_ID>
            <AD_Workflow_ID reference="id"/>
            <IsActive>Y</IsActive>
            <File_Directory/>
            <FileName/>
            <Destination_FileName/>
            <Destination_Directory/>
            <Description/>
            <DBType>ALL</DBType>
            <Type>D</Type>
            <Target_Directory/>
            <SQLStatement>SELECT * FROM  AD_Field WHERE AD_Field_UU='bc309014-8e20-47b6-bca2-606a1a56ee3f'</SQLStatement>
            <ReleaseNo/>
            <Processing>N</Processing>
            <Processed>N</Processed>
            <Name2/>
            <Line>20</Line>
            <AD_Workbench_ID reference="id"/>
            <AD_Table_ID reference="id">107</AD_Table_ID>
            <AD_ReportView_ID reference="id"/>
            <AD_Package_Exp_ID reference="uuid" reference-key="AD_Package_Exp">18a29c54-cafa-4706-ac81-7bfa6f33e5f9</AD_Package_Exp_ID>
            <AD_Package_Code_New/>
            <AD_Package_Code_Old/>
            <AD_Val_Rule_ID reference="id"/>
            <AD_Message_ID reference="id"/>
            <AD_PrintFormat_ID reference="id"/>
            <AD_Reference_ID reference="id"/>
            <AD_ModelValidator_ID reference="id"/>
            <AD_EntityType_ID reference="id"/>
            <AD_Package_Exp_Detail_UU>c64bc333-3c46-47c7-ba74-9b81faee7cc3</AD_Package_Exp_Detail_UU>
        </AD_Package_Exp_Detail>
        <AD_Package_Exp_Detail type="table">
            <AD_Client_ID>0</AD_Client_ID>
            <AD_Org_ID>0</AD_Org_ID>
            <AD_Form_ID reference="id"/>
            <AD_ImpFormat_ID reference="id"/>
            <AD_Menu_ID reference="id"/>
            <AD_Process_ID reference="id"/>
            <AD_Role_ID reference="id">0</AD_Role_ID>
            <AD_Window_ID reference="id"/>
            <AD_Workflow_ID reference="id"/>
            <IsActive>Y</IsActive>
            <File_Directory/>
            <FileName/>
            <Destination_FileName/>
            <Destination_Directory/>
            <Description/>
            <DBType>ALL</DBType>
            <Type>D</Type>
            <Target_Directory/>
            <SQLStatement>SELECT * FROM  AD_Column WHERE AD_Column_UU='23c538fa-a61b-4f47-9da4-97f3b6fafe37'</SQLStatement>
            <ReleaseNo/>
            <Processing>N</Processing>
            <Processed>N</Processed>
            <Name2/>
            <Line>10</Line>
            <AD_Workbench_ID reference="id"/>
            <AD_Table_ID reference="id">101</AD_Table_ID>
            <AD_ReportView_ID reference="id"/>
            <AD_Package_Exp_ID reference="uuid" reference-key="AD_Package_Exp">18a29c54-cafa-4706-ac81-7bfa6f33e5f9</AD_Package_Exp_ID>
            <AD_Package_Code_New/>
            <AD_Package_Code_Old/>
            <AD_Val_Rule_ID reference="id"/>
            <AD_Message_ID reference="id"/>
            <AD_PrintFormat_ID reference="id"/>
            <AD_Reference_ID reference="id"/>
            <AD_ModelValidator_ID reference="id"/>
            <AD_EntityType_ID reference="id"/>
            <AD_Package_Exp_Detail_UU>77e2e33b-1de3-46bd-8bf8-77108957bb3f</AD_Package_Exp_Detail_UU>
        </AD_Package_Exp_Detail>
    </AD_Package_Exp>
</idempiere>
